{
  "greeting": "Hiya",
  "name": "Angela",
  "greetingText": "Just wanted to let you know that your name is really cool!",
  "wishText": "It's amazing how a small realization can lead to big changes in one's life.\nMay that always be with you! ;)",
  "imagePath": "img/images.png",
  "text1": "It's your birthday!!! :D",
  "textInChatBox": "Happy birthday to you!! Yeee! Many many happy blah...",
  "sendButtonLabel": "Send",
  "text2": "That's what we was going to do.",
  "text3": "But then we stopped.",
  "text4": "we realized the we want to do something adventurous and out of my comfort zone.",
  "text4Adjective": "special",
  "text5Entry": "Because,",
  "text5Content": "You are Special",
  "smiley": ":)",
  "bigTextPart1": "S",
  "bigTextPart2": "O",
  "wishHeading": "Happy Birthday!",
  "outroText": "Okay, now come back and tell us if you liked it.",
  "replayText": "Or click, if you want to watch it again.",
  "outroSmiley": ":)"
}
